# Globales Design	Konsole-Farbschema
# Erzeugt von build.py - nicht von Hand aendern.
com.github.huppiflupp.nt-legacy-desert	NTLegacyDesert
com.github.huppiflupp.nt-legacy-desert-nacht	NTLegacyDesert
com.github.huppiflupp.nt-legacy-lilac	NTLegacyLilac
com.github.huppiflupp.nt-legacy-lilac-nacht	NTLegacyLilac
com.github.huppiflupp.nt-legacy	NTLegacy
com.github.huppiflupp.nt-legacy-teal-nacht	NTLegacy
com.github.huppiflupp.nt-legacy-win2k	NTLegacyWin2k
com.github.huppiflupp.nt-legacy-win2k-nacht	NTLegacyWin2k
com.github.huppiflupp.nt-legacy-win98	NTLegacyWin98
com.github.huppiflupp.nt-legacy-win98-nacht	NTLegacyWin98
